Iterations,Ln(change)
202,-1.836409012554567
203,-1.8466152597545236
204,-1.8568012060794907
205,-1.8669671237740546
206,-1.8771132811807087
207,-1.887239942794194
208,-1.8973473693162037
209,-1.9074358177089623
210,-1.9175055412478406
211,-1.9275567895731447
212,-1.937589808741561
213,-1.9476048412767264
214,-1.9576021262189138
215,-1.96758189917432
216,-1.9775443923627885
217,-1.9874898346665544
218,-1.9974184516763522
219,-2.00733046573809
220,-2.0172260959988004
221,-2.027105558450935
222,-2.0369690659778086
223,-2.0468168283960257
224,-2.0566490524998597
225,-2.066465942102961
226,-2.076267698080806
227,-2.0860545184111934
228,-2.095826598215882
229,-2.1055841298005054
230,-2.1153273026933666
231,-2.125056303685415
232,-2.1347713168682603
233,-2.1444725236721816
234,-2.154160102903349
235,-2.163834230780746
236,-2.173495080972465
237,-2.183142824631649
238,-2.1927776304313866
239,-2.202399664600045
240,-2.2120090909552403
241,-2.221606070937478
242,-2.2311907636438613
243,-2.240763325861156
244,-2.2503239120971523
245,-2.259872674613911
246,-2.2694097634584507
247,-2.2789353264937513
248,-2.288449509430123
249,-2.297952455854401
250,-2.3074443072607336
251,-2.316925203078868
252,-2.3263952807039816
253,-2.335854675524597
254,-2.345303520951527
255,-2.354741948444154
256,-2.3641700875394447
257,-2.3735880658775685
258,-2.3829960092294966
259,-2.3923940415229943
260,-2.4017822848672084
261,-2.4111608595806207
262,-2.4205298842134466
263,-2.429889475574732
264,-2.4392397487556225
265,-2.448580817153156
266,-2.4579127924950903
267,-2.467235784862657
268,-2.476549902713908
269,-2.485855252905971
270,-2.495151940718257
271,-2.504440069874468
272,-2.513719742564069
273,-2.522991059464216
274,-2.5322541197608808
275,-2.5415090211694764
276,-2.550755859956441
277,-2.5599947309585684
278,-2.569225727603615
279,-2.578448941930364
280,-2.5876644646075384
281,-2.596872384953631
282,-2.606072790955711
283,-2.6152657692881327
284,-2.624451405331126
285,-2.6336297831888382
286,-2.6428009857074732
287,-2.651965094493391
288,-2.661122189929743
289,-2.6702723511940434
290,-2.679415656275989
291,-2.688552181993098
292,-2.6976820040079525
293,-2.706805196843886
294,-2.7159218339019446
295,-2.725031987475956
296,-2.7341357287685306
297,-2.743233127907032
298,-2.7523242539572967
299,-2.761409174940152
300,-2.77048795784571
301,-2.779560668647682
302,-2.7886273723176402
303,-2.7976881328404977
304,-2.8067430132266566
305,-2.8157920755276793
306,-2.8248353808476483
307,-2.8338725355450887
308,-2.8428989582153132
309,-2.851919728678761
310,-2.860934905141022
311,-2.8699445449194405
312,-2.878948704457105
313,-2.8879474393328537
314,-2.896940804275845
315,-2.905928853175891
316,-2.9149116390956475
317,-2.9238892142834523
318,-2.9328616301825363
319,-2.9418289374453668
320,-2.950791185942041
321,-2.959748424772212
322,-2.9687007022778564
323,-2.977648066051389
324,-2.986590562948294
325,-2.995528239094926
326,-3.0044611399030408
327,-3.0133893100755036
328,-3.0223127936197627
329,-3.0312316338554663
330,-3.040145873426006
331,-3.0490555543069475
332,-3.0579607178153436
333,-3.0668614046205773
334,-3.0757576547523713
335,-3.084649507610296
336,-3.0935370019728823
337,-3.102420176005931
338,-3.1112990672724687
339,-3.120173712739912
340,-3.1290441487896685
341,-3.1379104112253833
342,-3.146771370859828
343,-3.1556240476175983
344,-3.1644726190082095
345,-3.1733171189710525
346,-3.1821575809035587
347,-3.190994037669623
348,-3.199826521605721
349,-3.208655064529852
350,-3.217479697747378
351,-3.226300452060919
352,-3.2351173577754895
353,-3.2439304447055846
354,-3.2527397421848483
355,-3.261545279068579
356,-3.2703470837450848
357,-3.2791451841401953
358,-3.2879396077229393
359,-3.2967303815154008
360,-3.3055156944739332
361,-3.3142962018031175
362,-3.3230731223183616
363,-3.331846481462853
364,-3.340616304259312
365,-3.349382615319165
366,-3.3581454388448315
367,-3.366904798638469
368,-3.3756607181064244
369,-3.38441322026549
370,-3.3931623277480347
371,-3.401908062808922
372,-3.4106504473284622
373,-3.4193895028213235
374,-3.4281252504384385
375,-3.4368577109756115
376,-3.4455869048749
377,-3.454312852232746
378,-3.463035572805739
379,-3.4717550860122417
380,-3.480471410938538
381,-3.4891845663465113
382,-3.4978945706741946
383,-3.5066014420435443
384,-3.515305198264088
385,-3.52400585683691
386,-3.532703434960117
387,-3.541397949533509
388,-3.550089417160887
389,-3.558777854158147
390,-3.567463276553525
391,-3.576145700094168
392,-3.5848251402502003
393,-3.5935016122184367
394,-3.6021751309264336
395,-3.610845711034587
396,-3.6195133669462627
397,-3.628178112802985
398,-3.6368399624944865
399,-3.645498929662273
400,-3.6541550276983448
401,-3.6628082697547124
402,-3.671458668744001
403,-3.6801062373431237
404,-3.688750987997332
405,-3.6973929329252297
406,-3.7060320841175423
407,-3.7146684533465653
408,-3.723302052164137
409,-3.7319328919093664
410,-3.740560983706797
411,-3.7491863384756714
412,-3.757808966927739
413,-3.766428879573582
414,-3.7750460867245
415,-3.7836605984952296
416,-3.7922724248074946
417,-3.8008815753936456
418,-3.80948805979675
419,-3.8180918873771508
420,-3.826693067312847
421,-3.835291608602082
422,-3.843887520068556
423,-3.852480810361147
424,-3.8610714879580006
425,-3.869659561169285
426,-3.8782450381391254
427,-3.8868279268491412
428,-3.89540823511981
429,-3.903985970613423
430,-3.9125611408362055
431,-3.9211337531410435
432,-3.9297038147314427
433,-3.9382713326595855
434,-3.946836313833698
435,-3.9553987650154023
436,-3.9639586928274975
437,-3.9725161037507717
438,-3.9810710041287
439,-3.9896234001710753
440,-3.9981732979515323
441,-4.006720703416268
442,-4.015265622379347
443,-4.023808060529378
444,-4.032348023427364
445,-4.040885516516248
446,-4.049420545111032
447,-4.057953114414493
448,-4.06648322950536
449,-4.075010895351158
450,-4.083536116805433
451,-4.092058898607461
452,-4.1005792453877055
453,-4.109097161668201
454,-4.117612651865109
455,-4.1261257202887345
456,-4.134636371145019
457,-4.1431446085404735
458,-4.151650436480377
459,-4.160153858872079
460,-4.168654879524303
461,-4.17715350215385
462,-4.185649730381693
463,-4.194143567737064
464,-4.2026350176571485
465,-4.2111240834931545
466,-4.219610768503034
467,-4.228095075865193
468,-4.236577008669453
469,-4.245056569921206
470,-4.253533762545747
471,-4.262008589386949
472,-4.270481053208025
473,-4.278951156696913
474,-4.287418902461114
475,-4.295884293034142
476,-4.3043473308795415
477,-4.312808018377782
478,-4.321266357845573
479,-4.329722351530164
480,-4.338176001602758
481,-4.346627310169786
482,-4.355076279269983
483,-4.363522910878361
484,-4.371967206902343
485,-4.380409169185781
486,-4.388848799511803
487,-4.397286099599578
488,-4.405721071110038
489,-4.414153715643952
490,-4.422584034744391
491,-4.431012029891468
492,-4.4394377025182346
493,-4.447861053996422
494,-4.456282085643301
495,-4.464700798723607
496,-4.473117194453059
497,-4.481531273988847
498,-4.489943038443098
499,-4.4983524888756685
500,-4.506759626298171
501,-4.515164451675528
502,-4.523566965921306
503,-4.5319671699101365
504,-4.540365064463824
505,-4.548760650363452
506,-4.557153928344061
507,-4.565544899101614
508,-4.573933563287795
509,-4.582319921511524
510,-4.590703974340658
511,-4.599085722309784
512,-4.607465165904371
513,-4.615842305580913
514,-4.6242171417530376
515,-4.632589674796039
516,-4.6409599050548005
517,-4.649327832836332
518,-4.657693458409327
519,-4.666056782013195
520,-4.674417803851459
521,-4.682776524097019
522,-4.6911329428875685
523,-4.699487060331223
524,-4.707838876504467
525,-4.716188391457149
526,-4.724535605204989
527,-4.732880517737597
528,-4.741223129011643
529,-4.749563438962527
530,-4.757901447496605
531,-4.766237154489918
532,-4.774570559795984
533,-4.782901663242371
534,-4.791230464631538
535,-4.799556963743052
536,-4.807881160327065
537,-4.816203054118603
538,-4.8245226448209495
539,-4.8328399321248305
540,-4.841154915691236
541,-4.849467595164889
542,-4.857777970166024
543,-4.86608604029885
544,-4.874391805142679
545,-4.882695264261936
546,-4.890996417199076
547,-4.899295263482421
548,-4.907591802615672
549,-4.915886034090513
550,-4.924177957380617
551,-4.932467571940459
552,-4.94075487721337
553,-4.949039872619987
554,-4.957322557571485
555,-4.965602931460792
556,-4.973880993667517
557,-4.98215674355847
558,-4.990430180484905
559,-4.998701303780114
560,-5.006970112777947
561,-5.015236606782412
562,-5.023500785100628
563,-5.031762647018419
564,-5.04002219181314
565,-5.0482794187484075
566,-5.0565343270832965
567,-5.064786916059583
568,-5.0730371849116045
569,-5.081285132866928
570,-5.089530759139138
571,-5.097774062931225
572,-5.106015043446409
573,-5.114253699869143
574,-5.1224900313833075
575,-5.130724037158632
576,-5.1389557163595745
577,-5.1471850681527425
578,-5.155412091677834
579,-5.1636367860874985
580,-5.1718591505164975
581,-5.180079184097563
582,-5.188296885954334
583,-5.196512255213806
584,-5.204725290983319
585,-5.212935992379997
586,-5.221144358504727
587,-5.229350388462541
588,-5.237554081347323
589,-5.24575543625615
590,-5.2539544522728026
591,-5.262151128489166
592,-5.270345463984247
593,-5.278537457838569
594,-5.28672710912843
595,-5.294914416931958
596,-5.303099380313825
597,-5.3112819983542465
598,-5.319462270110145
599,-5.327640194658392
600,-5.335815771059609
601,-5.343988998381378
602,-5.352159875679166
603,-5.360328402026454
604,-5.368494576475254
605,-5.376658398093843
606,-5.384819865939307
607,-5.392978979078893
608,-5.401135736564329
609,-5.40929013747093
610,-5.417442180851281
611,-5.425591865775161
612,-5.433739191301559
613,-5.4418841565033365
614,-5.450026760437766
615,-5.458167002188188
616,-5.466304880810386
617,-5.474440395385518
618,-5.482573544984881
619,-5.4907043286847665
620,-5.498832745565609
621,-5.506958794706258
622,-5.5150824751960625
623,-5.523203786118868
624,-5.531322726566803
625,-5.539439295625904
626,-5.547553492402016
627,-5.555665315990473
628,-5.563774765494363
629,-5.5718818400217955
630,-5.579986538690899
631,-5.588088860601988
632,-5.5961888048875
633,-5.604286370663983
634,-5.612381557068485
635,-5.620474363221654
636,-5.628564788268819
637,-5.636652831353058
638,-5.644738491617888
639,-5.652821768217486
640,-5.6609026603086745
641,-5.668981167048401
642,-5.677057287617961
643,-5.685131021183145
644,-5.693202366923742
645,-5.701271324026081
646,-5.709337891682597
647,-5.717402069083392
648,-5.725463855445042
649,-5.733523249964735
650,-5.74158025186587
651,-5.749634860367847
652,-5.757687074700093
653,-5.765736894095784
654,-5.7737843177993176
655,-5.781829345064252
656,-5.789871975139725
657,-5.797912207288391
658,-5.80595004078573
659,-5.813985474909521
660,-5.822018508939312
661,-5.830049142172638
662,-5.8380773739025065
663,-5.846103203442135
664,-5.854126630104486
665,-5.862147653207571
666,-5.870166272091965
667,-5.878182486081108
668,-5.8861962945392206
669,-5.894207696809287
670,-5.902216692252509
671,-5.910223280245238
672,-5.918227460168021
673,-5.926229231398009
674,-5.934228593345138
675,-5.942225545403444
676,-5.950220086984116
677,-5.958212217520765
678,-5.966201936434713
679,-5.974189243163839
680,-5.982174137161155
681,-5.990156617882104
682,-5.998136684792612
683,-6.006114337365838
684,-6.014089575087235
685,-6.0220623974465814
686,-6.03003280395138
687,-6.038000794113743
688,-6.045966367456297
689,-6.05392952350497
690,-6.06189026178808
691,-6.069848581878934
692,-6.07780448332862
693,-6.085757965687453
694,-6.093709028561778
695,-6.101657671525404
696,-6.109603894174504
697,-6.117547696122821
698,-6.125489076977495
699,-6.133428036386348
700,-6.141364573956673
701,-6.1492986893616015
702,-6.157230382253435
703,-6.165159652299747
704,-6.173086499159364
705,-6.181010922559571
706,-6.188932922156282
707,-6.196852497680373
708,-6.204769648856561
709,-6.212684375390479
710,-6.220596677040386
711,-6.228506553552
712,-6.23641400468885
713,-6.2443190302154985
714,-6.252221629913025
715,-6.260121803580714
716,-6.268019551022035
717,-6.275914872034349
718,-6.283807766463183
719,-6.291698234118325
720,-6.299586274871228
721,-6.307471888564226
722,-6.315355075066585
723,-6.323235834249229
724,-6.331114166015853
725,-6.338990070250755
726,-6.346863546873465
727,-6.354734595799937
728,-6.362603216971648
729,-6.370469410322012
730,-6.378333175810114
731,-6.386194513392387
732,-6.39405342306491
733,-6.401909904790666
734,-6.409763958584294
735,-6.417615584457844
736,-6.42546478242454
737,-6.4333115525072255
738,-6.44115589476766
739,-6.448997809249946
740,-6.456837296017675
741,-6.464674355150959
742,-6.472508986746077
743,-6.480341190887023
744,-6.488170967699509
745,-6.495998317285674
746,-6.503823239789218
747,-6.511645735369226
748,-6.519465804162489
749,-6.527283446332579
750,-6.535098662079919
751,-6.542911451575657
752,-6.550721815026317
753,-6.558529752640724
754,-6.566335264653094
755,-6.5741383512931115
756,-6.5819390128138515
757,-6.589737249453337
758,-6.597533061497526
759,-6.605326449233063
760,-6.613117412942349
761,-6.620905952933266
762,-6.628692069520468
763,-6.636475763031669
764,-6.6442570338050535
765,-6.652035882186378
766,-6.659812308546023
767,-6.667586313247274
768,-6.675357896686073
769,-6.683127059248551
770,-6.690893801357687
771,-6.6986581234070615
772,-6.706420025847314
773,-6.714179509116914
774,-6.7219365736656185
775,-6.7296912199601016
776,-6.737443448480986
777,-6.745193259699908
778,-6.752940654146594
779,-6.7606856323105
780,-6.7684281947169485
781,-6.77616834191507
782,-6.78390607442431
783,-6.791641392811622
784,-6.799374297660265
785,-6.807104789544781
786,-6.814832869052654
787,-6.822558536782523
788,-6.830281793343208
789,-6.838002639389068
790,-6.845721075535025
791,-6.8534371024262235
792,-6.861150720748716
793,-6.868861931152599
794,-6.876570734335994
795,-6.884277130968196
796,-6.891981121789267
797,-6.899682707493211
798,-6.907381888827613
799,-6.915078666527981
800,-6.92277304131878
801,-6.930465013999222
802,-6.938154585349601
803,-6.945841756112991
804,-6.953526527121407
805,-6.9612088991806225
806,-6.96888887310288
807,-6.9765664497196935
808,-6.984241629880609
809,-6.991914414443017
810,-6.99958480427346
811,-7.007252800209007
812,-7.014918403201517
813,-7.022581614115221
814,-7.030242433864819
815,-7.03790086337306
816,-7.0455569035757915
817,-7.053210555402298
818,-7.060861819842872
819,-7.068510697823499
820,-7.076157190340018
821,-7.083801298410067
822,-7.0914430229831655
823,-7.0990823650893695
824,-7.10671932577241
825,-7.114353906044685
826,-7.121986106960518
827,-7.129615929569414
828,-7.1372433749268165
829,-7.144868444139862
830,-7.152491138274754
831,-7.160111458432519
832,-7.167729405735183
833,-7.1753449812894345
834,-7.182958186248211
835,-7.190569021729348
836,-7.198177488903948
837,-7.205783588931687
838,-7.213387322994884
839,-7.220988692275336
840,-7.228587697970817
841,-7.236184341293021
842,-7.243778623449966
843,-7.251370545692198
844,-7.258960109217745
845,-7.2665473153381495
846,-7.274132165283011
847,-7.28171466030962
848,-7.289294801719079
849,-7.29687259081834
850,-7.304448028900627
851,-7.31202111726738
852,-7.3195918572469445
853,-7.327160250196201
854,-7.334726297454273
855,-7.342290000350061
856,-7.349851360278196
857,-7.357410378638854
858,-7.364967056758802
859,-7.372521396071234
860,-7.380073398005525
861,-7.38762306393418
862,-7.395170395343489
863,-7.40271539360408
864,-7.410258060239583
865,-7.41779839663737
866,-7.425336404308846
867,-7.4328720847580865
868,-7.440405439416229
869,-7.447936469819783
870,-7.455465177506858
871,-7.462991563939578
872,-7.470515630647741
873,-7.47803737924663
874,-7.485556811187022
875,-7.4930739281391165
876,-7.500588731581067
877,-7.508101223112221
878,-7.515611404375174
879,-7.523119276916593
880,-7.53062484238882
881,-7.538128102355606
882,-7.5456290584592995
883,-7.553127712407789
884,-7.560624065740698
885,-7.568118120215325
886,-7.575609877444923
887,-7.583099339099934
888,-7.590586506925336
889,-7.598071382542401
890,-7.60555396774514
891,-7.6130342641612305
892,-7.620512273549191
893,-7.627987997636811
894,-7.635461438209484
895,-7.6429325969848385
896,-7.6504014757161185
897,-7.657868076169313
898,-7.665332400167271
899,-7.672794449484363
900,-7.680254225866593
901,-7.687711731203739
902,-7.695166967290621
903,-7.7026199359420255
904,-7.7100706389533125
905,-7.717519078220498
906,-7.72496525559707
907,-7.732409172893403
908,-7.739850832065425
909,-7.747290234934491
910,-7.754727383383955
911,-7.762162279345028
912,-7.769594924698816
913,-7.7770253214066
914,-7.78445347129828
915,-7.791879376420187
916,-7.799303038605637
917,-7.806724459886098
918,-7.814143642173995
919,-7.821560587488667
920,-7.82897529775226
921,-7.836387774957199
922,-7.843798021108539
923,-7.851206038213184
924,-7.8586118282465005
925,-7.8660153932802865
926,-7.873416735316994
927,-7.880815856379857
928,-7.888212758506926
929,-7.895607443729313
930,-7.902999914173857
931,-7.910390171848567
932,-7.917778218845031
933,-7.92516405729843
934,-7.932547689144279
935,-7.939929116658736
936,-7.9473083418521275
937,-7.9546853668985955
938,-7.962060193837844
939,-7.969432824873832
940,-7.9768032620913445
941,-7.984171507689654
942,-7.99153756377687
943,-7.99890143255025
944,-8.006263116113553
945,-8.013622616733212
946,-8.020979936574452
947,-8.028335077710139
948,-8.035688042493465
949,-8.043038833081292
950,-8.050387451623708
951,-8.057733900462765
952,-8.065078181701715
953,-8.072420297664053
954,-8.079760250562588
955,-8.087098042591595
956,-8.09443367613091
957,-8.10176715331721
958,-8.109098476553589
959,-8.11642764793985
960,-8.123754669926479
961,-8.131079544772915
962,-8.138402274765621
963,-8.145722862124993
964,-8.153041309292764
965,-8.160357618480054
966,-8.167671792141535
967,-8.174983832494028
968,-8.182293741986584
969,-8.189601522815986
970,-8.196907177451271
971,-8.204210708240241
972,-8.211512117522737
973,-8.218811407671012
974,-8.22610858106869
975,-8.233403640205863
976,-8.240696587298265
977,-8.247987424786015
978,-8.255276155196034
979,-8.262562780758174
980,-8.269847304131941
981,-8.27712972757539
982,-8.284410053468887
983,-8.29168828434099
984,-8.298964422674493
985,-8.30623847085585
986,-8.313510431317642
987,-8.320780306593424
988,-8.328048099065336
989,-8.33531381124139
990,-8.342577445673516
991,-8.349839004742124
992,-8.35709849096951
993,-8.364355906872595
994,-8.371611254900577
995,-8.378864537608926
996,-8.386115757567898
997,-8.393364917174054
998,-8.400612019044408
999,-8.407857065598671
1000,-8.415100059459151
1001,-8.422341003285647
1002,-8.429579899347194
1003,-8.43681675036981
1004,-8.444051558897092
1005,-8.45128432746766
1006,-8.458515058661463
1007,-8.465743755130738
1008,-8.472970419203389
1009,-8.480195053682872
1010,-8.487417661169822
1011,-8.494638244094071
1012,-8.501856805162308
1013,-8.509073347051983
1014,-8.516287872246663
1015,-8.523500383342158
1016,-8.530710883009919
1017,-8.537919373843936
1018,-8.545125858612794
1019,-8.552330339751657
1020,-8.559532819991155
1021,-8.566733302012539
1022,-8.573931788360506
1023,-8.581128281709681
1024,-8.588322784819953
1025,-8.595515300196768
1026,-8.602705830521149
1027,-8.609894378671266
1028,-8.617080947079767
1029,-8.624265538562947
1030,-8.631448155702806
1031,-8.63862880123058
1032,-8.645807477906153
1033,-8.652984188294157
1034,-8.660158935158877
1035,-8.667331721231914
1036,-8.67450254921678
1037,-8.681671421767474
1038,-8.688838341568216
1039,-8.696003311447141
1040,-8.703166334121022
1041,-8.710327412217017
1042,-8.71748654850355
1043,-8.724643745748242
1044,-8.731799006729844
1045,-8.738952334044054
1046,-8.746103730633342
1047,-8.753253199051873
1048,-8.760400742080341
1049,-8.767546362685449
1050,-8.77469006334393
1051,-8.781831847018186
1052,-8.788971716464383
1053,-8.796109674273378
1054,-8.803245723444704
1055,-8.810379866545889
1056,-8.817512106538212
1057,-8.824642446135437
1058,-8.831770888056464
1059,-8.838897435252903
1060,-8.846022090442096
1061,-8.853144856188766
1062,-8.86026573566533
1063,-8.867384731484085
1064,-8.874501846427211
1065,-8.881617083369585
1066,-8.888730445235812
1067,-8.89584193472212
1068,-8.90295155431639
1069,-8.910059307384664
1070,-8.917165196503888
1071,-8.924269224505554
1072,-8.931371394314572
1073,-8.938471708609963
1074,-8.94557017020222
1075,-8.952666782140616
1076,-8.959761547123565
1077,-8.966854467998244
1078,-8.973945547609354
1079,-8.981034788811908
1080,-8.988122194529694
1081,-8.995207767392976
1082,-9.002291510575924
1083,-9.009373426648358
1084,-9.016453518627209
1085,-9.02353178929497
1086,-9.03060824169529
1087,-9.037682878309125
1088,-9.044755702455593
1089,-9.051826716752036
1090,-9.058895923951326
1091,-9.065963327310582
1092,-9.073028929393383
1093,-9.08009273309275
1094,-9.08715474142681
1095,-9.094214957239732
1096,-9.101273383327612
1097,-9.108330022651769
1098,-9.115384878167099
1099,-9.122437952513604
1100,-9.12948924881067
1101,-9.136538769902085
1102,-9.143586518695665
1103,-9.150632498046562
1104,-9.157676710801685
1105,-9.164719159927406
1106,-9.171759848300033
1107,-9.178798778880692
1108,-9.18583595462655
1109,-9.192871378165494
1110,-9.19990505265815
1111,-9.20693698081034
1112,-9.213967165950095
1113,-9.220995610332013
1114,-9.228022317381255
1115,-9.235047289913362
1116,-9.242070530798232
1117,-9.249092042793587
1118,-9.25611182912707
1119,-9.263129892472241
1120,-9.27014623590199
1121,-9.277160862128527
1122,-9.284173774261513
1123,-9.291184975111491
1124,-9.298194467635414
1125,-9.305202255011983
1126,-9.312208339569075
1127,-9.319212724839367
1128,-9.326215413385848
1129,-9.333216408128454
1130,-9.340215712265556
1131,-9.347213328503953
1132,-9.354209259923064
1133,-9.36120350944177
1134,-9.368196079617029
1135,-9.375186973928761
1136,-9.382176194898527
1137,-9.38916374582795
1138,-9.39614962918668
1139,-9.40313384832215
1140,-9.410116405782908
1141,-9.417097304949271
1142,-9.424076548444837
1143,-9.431054139343786
1144,-9.438030080440292
1145,-9.445004374941526
1146,-9.451977025170013
1147,-9.458948034710556
1148,-9.46591740647513
1149,-9.472885142830227
1150,-9.479851247222445
1151,-9.48681572240142
1152,-9.493778571447931
1153,-9.500739797156642
1154,-9.507699402421284
1155,-9.514657390467834
1156,-9.52161376371076
1157,-9.528568525500823
1158,-9.53552167863723
1159,-9.542473226283846
1160,-9.54942317100914
1161,-9.556371515952204
1162,-9.563318263877315
1163,-9.570263417795827
1164,-9.577206980929569
1165,-9.58414895602252
1166,-9.591089345769142
1167,-9.598028153259545
1168,-9.60496538147894
1169,-9.611901033688493
1170,-9.61883511215531
1171,-9.62576762016399
1172,-9.632698560735813
1173,-9.639627936653184
1174,-9.64655575065466
1175,-9.653482006151208
1176,-9.66040670558873
1177,-9.667329852306656
1178,-9.674251448922602
1179,-9.681171498592425
1180,-9.688090003970347
1181,-9.695006968105682
1182,-9.701922394282995
1183,-9.70883628479724
1184,-9.715748643151661
1185,-9.722659471741174
1186,-9.729568773847994
1187,-9.736476552521468
1188,-9.743382810036168
1189,-9.750287549849126
1190,-9.757190774746132
1191,-9.76409248772936
1192,-9.770992691785356
1193,-9.777891389406449
1194,-9.78478858380116
1195,-9.791684277984208
1196,-9.798578474659104
1197,-9.805471176724298
1198,-9.812362387436904
1199,-9.819252109388202
1200,-9.826140345459898
1201,-9.833027098591499
1202,-9.839912371850577
1203,-9.846796167858827
1204,-9.853678489924615
1205,-9.860559340576803
1206,-9.867438722973963
1207,-9.874316639670482
1208,-9.881193094005482
1209,-9.888068088658263
1210,-9.894941626221835
1211,-9.901813710250831
1212,-9.908684343095416
1213,-9.915553527871289
1214,-9.92242126730347
1215,-9.929287564209098
1216,-9.936152422193372
1217,-9.943015843108062
1218,-9.949877830756595
1219,-9.95673838718935
1220,-9.963597515747775
1221,-9.970455219608274
1222,-9.977311500699098
1223,-9.984166362817627
1224,-9.99101980838098
1225,-9.997871840483102
1226,-10.004722461892936
1227,-10.011571675262731
1228,-10.018419483686625
1229,-10.025265890162684
1230,-10.032110897201816
1231,-10.038954507791264
1232,-10.045796724843111
1233,-10.052637551551692
1234,-10.059476990085516
1235,-10.066315043823534
1236,-10.073151715303723
1237,-10.07998700745219
1238,-10.086820923356628
1239,-10.09365346520996
1240,-10.100484636709417
1241,-10.107314440392011
1242,-10.114142878584664
1243,-10.120969954399962
1244,-10.127795671372628
1245,-10.134620031434146
1246,-10.14144303805067
1247,-10.148264692913864
1248,-10.15508500028803
1249,-10.16190396213669
1250,-10.168721581746505
1251,-10.175537861378068
1252,-10.182352804463495
1253,-10.18916641348525
1254,-10.195978691015858
1255,-10.202789640318864
1256,-10.209599263804774
1257,-10.216407564742013
1258,-10.223214545371912
1259,-10.23002020895494
1260,-10.23682455786847
1261,-10.243627595521433
1262,-10.25042932407283
1263,-10.257229746892135
1264,-10.26402886617459
1265,-10.270826685039678
1266,-10.277623206038244
1267,-10.28441843196399
1268,-10.291212366443522
1269,-10.298005010673013
1270,-10.30479636900634
1271,-10.311586443010379
1272,-10.31837523633684
1273,-10.325162751039809
1274,-10.331948990184603
1275,-10.338733956755716
1276,-10.34551765302569
1277,-10.352300082103662
1278,-10.359081246555421
1279,-10.365861149016908
1280,-10.372639792930919
1281,-10.379417180195816
1282,-10.386193314079122
1283,-10.39296819682275
1284,-10.399741831433426
1285,-10.40651422069202
1286,-10.413285367491827
1287,-10.420055273925453
1288,-10.426823943396151
1289,-10.433591378601715
1290,-10.440357581824657
1291,-10.447122556167965
1292,-10.453886303434281
1293,-10.460648827686159
1294,-10.467410130360875
1295,-10.474170215534013
1296,-10.480929084612136
1297,-10.487686741100589
1298,-10.494438181226993
1299,-10.501164259978648
1300,-10.507844224559742
1301,-10.514465065723689
1302,-10.521012982959427
1303,-10.527411609574441
1304,-10.533724445558674
1305,-10.540037256190102
1306,-10.546350043303418
1307,-10.552662806084905
1308,-10.558975544435365
1309,-10.565288258477105
1310,-10.57160094894056
1311,-10.577913615318689
1312,-10.58422625740942
1313,-10.590538875562443
1314,-10.596851470750925
1315,-10.603164041299896
1316,-10.609476588850963
1317,-10.615789113122945
1318,-10.622101612853678
1319,-10.628414089937399
1320,-10.634726543591452
1321,-10.64103897394902
1322,-10.647351380835454
1323,-10.653663764307726
1324,-10.659976125500837
1325,-10.66628846342834
1326,-10.672600778603421
1327,-10.678913070496913
1328,-10.685225340366383
1329,-10.691537586011965
1330,-10.697849809970474
1331,-10.704162011583273
1332,-10.710474189770114
1333,-10.716786346516324
1334,-10.723098480169245
1335,-10.729410591598114
1336,-10.735722681421638
1337,-10.742034748731172
1338,-10.74834679332408
1339,-10.7546588165406
1340,-10.760970817361263
1341,-10.76728279661158
1342,-10.773594753385021
1343,-10.779906689458295
1344,-10.786218603520773
1345,-10.792530494776898
1346,-10.798842365377297
1347,-10.805154214109827
1348,-10.811466042288147
1349,-10.817777847104662
1350,-10.824089632221357
1351,-10.830401396245389
1352,-10.83671313788145
1353,-10.843024859064325
1354,-10.849336559145094
1355,-10.855648237962958
1356,-10.861959896093905
1357,-10.868271533389665
1358,-10.874583149052787
1359,-10.880894745353041
1360,-10.887206320051195
1361,-10.893517873989932
1362,-10.899829407639983
1363,-10.90614092082057
1364,-10.912452413530145
1365,-10.918763885549644
1366,-10.925075337035983
1367,-10.931386769259278
1368,-10.937698180671061
1369,-10.944009572357464
1370,-10.950320942866263
1371,-10.956632294627513
1372,-10.962943625255976
1373,-10.969254936573174
1374,-10.97556622879253
1375,-10.981877500026657
1376,-10.988188752083508
1377,-10.994499984875299
1378,-11.000811197295556
1379,-11.00712238934583
1380,-11.013433563649926
1381,-11.019744717838256
1382,-11.02605585236805
1383,-11.032366968214188
1384,-11.038678064418852
1385,-11.044989141159121
1386,-11.05130019933224
1387,-11.057611239022497
1388,-11.063922257937842
1389,-11.07023325899738
1390,-11.07654424134102
1391,-11.08285520432198
1392,-11.089166148938954
1393,-11.09547707369869
1394,-11.101787980977184
1395,-11.10809886862281
1396,-11.114409739025035
1397,-11.120720590349725
1398,-11.127031423530694
1399,-11.133342237277798
1400,-11.139653032689155
1401,-11.145963811705553
1402,-11.152274570523629
1403,-11.158585311874413
1404,-11.164896035089514
1405,-11.171206740683845
1406,-11.177517427215625
1407,-11.183828096514647
1408,-11.190138747557684
1409,-11.196449381322557
1410,-11.202759996009675
1411,-11.209070594624524
1412,-11.215381175622092
1413,-11.221691737613533
1414,-11.228002282321496
1415,-11.234312810551696
1416,-11.240623319569776
1417,-11.246933812304858
1418,-11.25324428782624
1419,-11.259554745815791
1420,-11.265865186300015
1421,-11.27217560968578
1422,-11.278486015519476
1423,-11.284796405737005
1424,-11.291106777645656
1425,-11.297417133065526
1426,-11.303727471397623
1427,-11.310037791040894
1428,-11.316348096729357
1429,-11.322658383522743
1430,-11.328968655497407
1431,-11.335278909366464
1432,-11.341589146745942
1433,-11.347899368337766
1434,-11.354209572819542
1435,-11.36051976082621
1436,-11.366829931155461
1437,-11.373140086713502
1438,-11.379450225338106
1439,-11.385760348674973
1440,-11.392070453655743
1441,-11.398380544481071
1442,-11.404690618559304
1443,-11.411000676656915
1444,-11.417310717607656
1445,-11.423620744845863
1446,-11.429930753810703
1447,-11.436240747486027
1448,-11.442550726174366
1449,-11.448860688145206
1450,-11.455170635292447
1451,-11.461480565884093
1452,-11.467790480963089
1453,-11.474100381147048
1454,-11.48041026547035
1455,-11.48672013311889
1456,-11.493029986613934
1457,-11.499339823737303
1458,-11.505649646033246
1459,-11.511959453927037
1460,-11.518269245177475
1461,-11.524579022408915
1462,-11.530888780347395
1463,-11.537198528809933
1464,-11.543508260229554
1465,-11.549817976950798
1466,-11.556127677497884
1467,-11.56243736414788
1468,-11.568747034059097
1469,-11.575056691083157
1470,-11.581366332527633
1471,-11.587675958574131
1472,-11.59398557094548
1473,-11.600295168055482
1474,-11.606604751178564
1475,-11.612914318671956
1476,-11.619223872527899
1477,-11.625533412247739
1478,-11.631842936271367
1479,-11.638152445941413
1480,-11.644461943046618
1481,-11.650771423867806
1482,-11.657080890963657
1483,-11.663390344101392
1484,-11.669699783618135
1485,-11.676009206841453
1486,-11.682318617873758
1487,-11.688628014086337
1488,-11.694937396868987
1489,-11.701246765951312
1490,-11.707556118955043
1491,-11.713865461408796
1492,-11.720174785872322
1493,-11.726484099574918
1494,-11.73279339887446
1495,-11.739102685423246
1496,-11.745411956703288
1497,-11.751721216040162
1498,-11.758030459883742
1499,-11.764339691133877
1500,-11.770648906715147
1501,-11.776958112296041
1502,-11.78326730302534
1503,-11.789576481406948
1504,-11.795885643262643
1505,-11.802194794848987
1506,-11.808503930492677
1507,-11.814813056186392
1508,-11.821122167368475
1509,-11.827431264116289
1510,-11.83374035023649
1511,-11.840049419876038
1512,-11.84635847968944
1513,-11.85266752359012
1514,-11.8589765572701
1515,-11.865285576085027
1516,-11.871594584285585
1517,-11.877903577922732
1518,-11.884212559334316
1519,-11.890521527342722
1520,-11.896830484246633
1521,-11.903139425875537
1522,-11.909448357367326
1523,-11.915757276089069
1524,-11.922066180020343
1525,-11.928375073591766
1526,-11.934683952417043
1527,-11.9409928235791
1528,-11.947301677469149
1529,-11.953610521918618
1530,-11.959919349431832
1531,-11.966228170289984
1532,-11.972536974878947
1533,-11.978845772443666
1534,-11.985154551416784
1535,-11.99146332466442
1536,-11.997772079276217
1537,-12.00408082616365
1538,-12.010389559481554
1539,-12.016698279408715
1540,-12.023006991313691
1541,-12.029315689078784
1542,-12.03562437349577
1543,-12.041933048321892
1544,-12.048241711867995
1545,-12.054550360335208
1546,-12.060859000595277
1547,-12.067167626305594
1548,-12.073476243401075
1549,-12.079784845845989
1550,-12.086093438481528
1551,-12.092402021259586
1552,-12.098710587490372
1553,-12.1050191472749
1554,-12.111327691269747
1555,-12.11763622862442
1556,-12.123944750978596
1557,-12.130253263427639
1558,-12.136561764114184
1559,-12.142870253219614
1560,-12.149178731550789
1561,-12.155487201077305
1562,-12.16179565369913
1563,-12.168104100770256
1564,-12.174412531736499
1565,-12.180720957309278
1566,-12.187029368042765
1567,-12.193337771302271
1568,-12.199646158707512
1569,-12.205954536359693
1570,-12.212262905475264
1571,-12.21857126155545
1572,-12.224879607713794
1573,-12.231187942795446
1574,-12.237496266970448
1575,-12.243804584429176
1576,-12.250112886200572
1577,-12.256421178900975
1578,-12.262729459442546
1579,-12.269037730935588
1580,-12.275345993999375
1581,-12.281654242229598
1582,-12.287962485161298
1583,-12.294270711284428
1584,-12.300578931403278
1585,-12.306887139366037
1586,-12.313195337007421
1587,-12.319503527168507
1588,-12.32581170244211
1589,-12.332119869571168
1590,-12.338428027356036
1591,-12.344736171695766
1592,-12.351044309642806
1593,-12.35735243807521
1594,-12.363660551082047
1595,-12.369968659629285
1596,-12.37627675499486
1597,-12.382584844728493
1598,-12.388892919809903
1599,-12.395200984171355
1600,-12.401509041534895
1601,-12.407817088479696
1602,-12.41412512288479
1603,-12.420433150426938
1604,-12.42674116788743
1605,-12.433049175159343
1606,-12.439357171860348
1607,-12.445665162279855
1608,-12.451973134646899
1609,-12.458281106057246
1610,-12.464589067927376
1611,-12.47089701624319
1612,-12.477204952629716
1613,-12.483512884022792
1614,-12.48982080563376
1615,-12.496128712999946
1616,-12.502436618262655
1617,-12.50874450787352
1618,-12.515052393664075
1619,-12.521360266683407
1620,-12.527668129189605
1621,-12.533975986198437
1622,-12.540283828934916
1623,-12.546591668858792
1624,-12.552899492534015
1625,-12.559207314418607
1626,-12.565515121711627
1627,-12.571822921473522
1628,-12.57813071443267
1629,-12.584438489925807
1630,-12.590746267135687
1631,-12.597054024776808
1632,-12.603361782782336
1633,-12.609669528407462
1634,-12.615977259873077
1635,-12.622284993844982
1636,-12.628592710868935
1637,-12.63490041893844
1638,-12.64120812295026
1639,-12.647515812698567
1640,-12.653823499128128
1641,-12.660131171238536
1642,-12.666438835382264
1643,-12.672746494173008
1644,-12.679054143610932
1645,-12.685361788084174
1646,-12.691669412009897
1647,-12.697977035222715
1648,-12.704284654945534
1649,-12.710592258276572
1650,-12.716899855740362
1651,-12.723207443962952
1652,-12.729515026617328
1653,-12.735822597628333
1654,-12.742130159013188
1655,-12.748437716680268
1656,-12.754745263975787
1657,-12.761052800090727
1658,-12.76736033140595
1659,-12.77366785396621
1660,-12.779975365891799
1661,-12.786282874059935
1662,-12.792590370342149
1663,-12.798897855720687
1664,-12.805205338831634
1665,-12.811512812480112
1666,-12.81782027795427
1667,-12.824127732350753
1668,-12.83043518298281
1669,-12.836742626960039
1670,-12.84305005521872
1671,-12.849357480244052
1672,-12.855664897035211
1673,-12.861972306710616
1674,-12.868279708039136
1675,-12.87458709746347
1676,-12.88089448776597
1677,-12.887201860135061
1678,-12.893509235831296
1679,-12.899816591758736
1680,-12.906123946352123
1681,-12.912431298183035
1682,-12.918738630408397
1683,-12.925045963750538
1684,-12.931353290361056
1685,-12.937660602710874
1686,-12.94396791474736
1687,-12.9502752100597
1688,-12.956582508838753
1689,-12.962889789306725
1690,-12.969197070791546
1691,-12.975504343563443
1692,-12.981811600430538
1693,-12.988118861470006
1694,-12.994426104669168
1695,-13.000733341771744
1696,-13.007040580094134
1697,-13.013347806989142
1698,-13.019655024491646
1699,-13.025962236747102
1700,-13.032269444030627
1701,-13.03857663980501
1702,-13.04488382313259
1703,-13.05119101329434
1704,-13.057498184504402
1705,-13.063805351609513
1706,-13.070112517161633
1707,-13.076419667381106
1708,-13.08272681596594
1709,-13.08903395091595
1710,-13.095341092327985
1711,-13.101648214374745
1712,-13.107955329821626
1713,-13.114262441553226
1714,-13.120569550640322
1715,-13.12687664567636
1716,-13.133183732646225
1717,-13.139490826012102
1718,-13.145797897739193
1719,-13.152104961887343
1720,-13.15841203232184
1721,-13.164719090115451
1722,-13.171026135908292
1723,-13.177333183721116
1724,-13.183640213562729
1725,-13.189947248795729
1726,-13.19625427317284
1727,-13.202561282974344
1728,-13.20886829009421
1729,-13.215175290334479
1730,-13.221482297267901
1731,-13.227789275156137
1732,-13.234096266145416
1733,-13.240403242534839
1734,-13.246710213006915
1735,-13.253017173393694
1736,-13.259324134075692
1737,-13.265631077832403
1738,-13.271938019328486
1739,-13.278244960966054
1740,-13.284551892382767
1741,-13.290858812440199
1742,-13.297165739096226
1743,-13.303472647891159
1744,-13.309779551501991
1745,-13.316086452102065
1746,-13.322393343047633
1747,-13.32870023209402
1748,-13.335007108713164
1749,-13.341313988865211
1750,-13.34762084987583
1751,-13.353927714357935
1752,-13.36023456707071
1753,-13.366541424389705
1754,-13.372848264061972
1755,-13.379155096448482
1756,-13.385461928868123
1757,-13.391768753168817
1758,-13.398075572760067
1759,-13.40438237997278
1760,-13.410689190284492
1761,-13.416995995940843
1762,-13.423302790142682
1763,-13.429609579221085
1764,-13.435916359195511
1765,-13.442223136874988
1766,-13.44852990857669
1767,-13.454836670424397
1768,-13.461143429901153
1769,-13.467450184290547
1770,-13.473756926099444
1771,-13.48006367215046
1772,-13.486370404669733
1773,-13.492677136417507
1774,-13.49898385967325
1775,-13.505290574880487
1776,-13.511597288645035
1777,-13.517904005221721
1778,-13.524210695812737
1779,-13.530517391646265
1780,-13.536824085053711
1781,-13.54313076892774
1782,-13.549437442646427
1783,-13.555744113855159
1784,-13.562050781872857
1785,-13.568357447213687
1786,-13.574664102670912
1787,-13.58097075268816
1788,-13.587277384780515
1789,-13.59358403345845
1790,-13.599890668237713
1791,-13.60619729498726
1792,-13.612503930618963
1793,-13.618810533840465
1794,-13.62511715596447
1795,-13.631423753269106
1796,-13.637730363752839
1797,-13.644036956107676
1798,-13.650343541762362
1799,-13.656650138350747
1800,-13.662956707462602
1801,-13.669263291501712
1802,-13.675569848295936
1803,-13.681876421731268
1804,-13.688182977574332
1805,-13.694489534163054
1806,-13.70079607884303
1807,-13.707102620363836
1808,-13.713409153863353
1809,-13.71971569588301
1810,-13.726022222399619
1811,-13.732328743431001
1812,-13.738635256872367
1813,-13.744941773600976
1814,-13.751248281334101
1815,-13.757554772012904
1816,-13.763861274667969
1817,-13.770167759238234
1818,-13.776474257040602
1819,-13.78278073060682
1820,-13.789087215672486
1821,-13.795393697058934
1822,-13.801700144322803
1823,-13.808006622122646
1824,-13.814313066072202
1825,-13.820619532157048
1826,-13.826925962712991
1827,-13.833232409660775
1828,-13.83953885165148
1829,-13.845845285731752
1830,-13.852151697750726
1831,-13.85845813066423
1832,-13.864764546442007
1833,-13.871070954223569
1834,-13.877377372780765
1835,-13.88368377322338
1836,-13.889990180096579
1837,-13.896296568356288
1838,-13.902602950444138
1839,-13.908909338589767
1840,-13.915215720624463
1841,-13.921522090053964
1842,-13.927828464306618
1843,-13.934134824480013
1844,-13.940441204621969
1845,-13.946747549214772
1846,-13.953053899241658
1847,-13.95936023090079
1848,-13.965666590473118
1849,-13.97197293990378
1850,-13.978279259733936
1851,-13.984585598339375
1852,-13.990891900886163
1853,-13.997198238436361
1854,-14.003504546317608
1855,-14.00981085298338
1856,-14.016117159568802
1857,-14.022423462422166
1858,-14.02872976579052
1859,-14.035036066712129
1860,-14.041342350880377
1861,-14.047648617971795
1862,-14.053954916679215
1863,-14.060261204868516
1864,-14.066567460912301
1865,-14.072873733962293
1866,-14.079179977173416
1867,-14.085486245260524
1868,-14.09179250907208
1869,-14.098098751802187
1870,-14.104405000728962
1871,-14.110711228080516
1872,-14.117017469870243
1873,-14.123323713427121
1874,-14.129629926230287
1875,-14.1359361549276
1876,-14.14224239608325
1877,-14.148548591699058
1878,-14.154854815391175
1879,-14.161161023857742
1880,-14.167467219443022
1881,-14.173773418467162
1882,-14.180079604898014
1883,-14.186385788833597
1884,-14.192692007648686
1885,-14.198998154073724
1886,-14.205304362437051
1887,-14.211610523458543
1888,-14.21791668888571
1889,-14.224222863349476
1890,-14.230529014275877
1891,-14.236835185665717
1892,-14.243141336638573
1893,-14.249447490872852
1894,-14.25575362088642
1895,-14.262059771505069
1896,-14.268365920537335
1897,-14.274672056930699
1898,-14.280978189345388
1899,-14.28728431509701
1900,-14.293590430528663
1901,-14.299896553497229
1902,-14.306202661026399
1903,-14.312508772949792
1904,-14.318814875212588
1905,-14.325120982819035
1906,-14.331427086161506
1907,-14.337733187938216
1908,-14.344039266715312
1909,-14.350345377742324
1910,-14.35665144948035
1911,-14.362957520922844
1912,-14.36926360285294
1913,-14.375569664582482
1914,-14.381875746174446
1915,-14.38818180881921
1916,-14.394487884741869
1917,-14.400793922473857
1918,-14.40709998327968
1919,-14.413406049625264
1920,-14.41971210370671
1921,-14.426018130402971
1922,-14.432324164366095
1923,-14.438630209919143
1924,-14.444936254968924
1925,-14.451242260096981
1926,-14.45754829398388
1927,-14.463854318891803
1928,-14.470160337463073
1929,-14.476466342829893
1930,-14.482772368933086
1931,-14.489078376076959
1932,-14.495384373692149
1933,-14.5016903732744
1934,-14.507996373901603
1935,-14.514302374554477
1936,-14.520608349385173
1937,-14.526914371409896
1938,-14.533220333226588
1939,-14.5395262769913
1940,-14.545832284069661
1941,-14.552138244569635
1942,-14.558444234341422
1943,-14.564750195963706
1944,-14.571056159011931
1945,-14.57736212996956
1946,-14.583668083098708
1947,-14.58997400577286
1948,-14.596279999357636
1949,-14.602585898894086
1950,-14.608891879120085
1951,-14.615197812553692
1952,-14.621503752146628
1953,-14.627809675758657
1954,-14.634115587965086
1955,-14.640421519760565
1956,-14.646727473172959
1957,-14.653033367222438
1958,-14.659339301959136
1959,-14.665645201287541
1960,-14.671951108513728
1961,-14.678257032554384
1962,-14.684562922994107
1963,-14.69086883217914
1964,-14.697174702917717
1965,-14.70348062629091
1966,-14.709786492982026
1967,-14.716092374741164
1968,-14.722398283233513
1969,-14.728704149699569
1970,-14.7350100273342
1971,-14.74131592955775
1972,-14.747621797426522
1973,-14.753927655811536
1974,-14.760233544387328
1975,-14.766539358735029
1976,-14.77284525090667
1977,-14.779151116362586
1978,-14.785456962542465
1979,-14.791762819753519
1980,-14.798068630221318
1981,-14.804374502991237
1982,-14.810680321873647
1983,-14.816986173787559
1984,-14.823292028566891
1985,-14.829597850141965
1986,-14.83590365903435
1987,-14.842209505325172
1988,-14.848515301916462
1989,-14.854821174386675
1990,-14.861126931385952
1991,-14.86743276722383
1992,-14.873738588781828
1993,-14.880044393750254
1994,-14.886350220562846
1995,-14.892656006565177
1996,-14.898961808853624
1997,-14.905267610329734
1998,-14.911573383930333
1999,-14.917879152988277
2000,-14.924184976846412
2001,-14.930490781848901
2002,-14.936796573278118
2003,-14.943102324726953
2004,-14.949408091288861
2005,-14.955713848599325
2006,-14.962019630577752
2007,-14.968325430004514
2008,-14.974631214180496
2009,-14.980936956517391
2010,-14.987242696754791
2011,-14.993548483198909
2012,-14.999854255756867
2013,-15.006159951849064
2014,-15.012465708829557
2015,-15.018771471298477
2016,-15.025077237630281
2017,-15.031382963753854
2018,-15.03768867165915
2019,-15.043994442391925
2020,-15.050300164291876
2021,-15.05660588192836
2022,-15.062911624832326
2023,-15.069217343594556
2024,-15.07552310657228
2025,-15.081828798365686
2026,-15.088134491513532
2027,-15.09444027357574
2028,-15.10074592243255
2029,-15.10705164797951
2030,-15.113357366654515
2031,-15.119663092949345
2032,-15.125968791250667
2033,-15.132274438656866
2034,-15.138580181923038
2035,-15.144885879468248
2036,-15.151191556364822
2037,-15.157497244817263
2038,-15.163802928574945
2039,-15.17010861193487
2040,-15.176414309131113
2041,-15.18272000934603
2042,-15.189025615395966
2043,-15.195331350890678
2044,-15.201636934550582
2045,-15.207942671142996
2046,-15.214248350492586
2047,-15.220553936726716
2048,-15.22685967540711
2049,-15.233165349552234
2050,-15.239471019316737
2051,-15.245776671657348
2052,-15.25208226047928
2053,-15.258387956534794
2054,-15.264693598379147
2055,-15.270999207185232
2056,-15.277304867098092
2057,-15.283610505994881
2058,-15.289916139058025
2059,-15.296221787364688
2060,-15.302527457674248
2061,-15.308833052496555
2062,-15.315138657999368
2063,-15.321444321855186
2064,-15.327749980202425
2065,-15.334055479432708
2066,-15.340361198734886
2067,-15.3466667744734
2068,-15.352972343655765
2069,-15.359278045012756
2070,-15.365583633973879
2071,-15.371889235111787
2072,-15.378194834215437
2073,-15.384500432439578
2074,-15.390806017816487
2075,-15.397111655798781
2076,-15.403417252113117
2077,-15.409722835522071
2078,-15.41602842199699
2079,-15.422334002111123
2080,-15.428639593707578
2081,-15.434945208833772
2082,-15.441250738154748
2083,-15.447556372668576
2084,-15.453861954133552
2085,-15.460167492082858
2086,-15.466473102061201
2087,-15.472778675883538
2088,-15.47908415665737
2089,-15.485389844427585
2090,-15.491695357703893
2091,-15.498000942296073
2092,-15.504306545687621
2093,-15.510612023693426
2094,-15.5169176229189
2095,-15.523223157192751
2096,-15.529528684961369
2097,-15.535834284202027
2098,-15.542139750927491
2099,-15.548445331988146
2100,-15.554750909202347
2101,-15.561056513715455
2102,-15.567361993121471
2103,-15.573667523831347
2104,-15.579973041063665
2105,-15.586278643712873
2106,-15.592584181728888
2107,-15.598889587399038
2108,-15.60519518943913
2109,-15.611500736159345
2110,-15.617806225857496
2111,-15.624111712937134
2112,-15.630417273540573
2113,-15.636722813425736
2114,-15.64302829968388
2115,-15.649333805781774
2116,-15.65563934713394
2117,-15.661944912294715
2118,-15.668250320488667
2119,-15.67455588670991
2120,-15.680861349410005
2121,-15.68716685795338
2122,-15.693472444397905
2123,-15.699777883439722
2124,-15.706083373612051
2125,-15.71238882300979
2126,-15.718694450254915
2127,-15.724999819051394
2128,-15.731305327838049
2129,-15.737610856726729
2130,-15.743916352711592
2131,-15.750221750361456
2132,-15.75652726028882
2133,-15.762832677078302
2134,-15.769138275302815
2135,-15.775443750159976
2136,-15.781749224527202
2137,-15.788054557848826
2138,-15.794360173856784
2139,-15.800665546807169
2140,-15.806971096528516
2141,-15.813276536061743
2142,-15.819582027014375
2143,-15.8258874142654
2144,-15.832192870263876
2145,-15.838498402624554
2146,-15.84480381462348
2147,-15.851109302278815
2148,-15.85741473927504
2149,-15.863720107443914
2150,-15.87002563190499
2151,-15.876331102220353
2152,-15.882636547204969
2153,-15.888941888101158
2154,-15.895247371823222
2155,-15.90155287720616
2156,-15.907858270789148
2157,-15.914163763195646
2158,-15.920469130561603
2159,-15.926774619888587
2160,-15.933080024710184
2161,-15.93938535589844
2162,-15.94569087243768
2163,-15.951996311614863
2164,-15.958301848477985
2165,-15.964607098963018
2166,-15.970912634409887
2167,-15.97721793956699
2168,-15.983523332926877
2169,-15.989828805778926
2170,-15.996134295246275
2171,-16.002439677621442
2172,-16.008744983416054
2173,-16.015050494417235
2174,-16.021355972542583
2175,-16.027661267531926
2176,-16.033966732660282
2177,-16.040272002546217
2178,-16.046577558906332
2179,-16.052882863921305
2180,-16.059188238560328
2181,-16.06549365175507
2182,-16.07179906846512
2183,-16.07810453649089
2184,-16.084409892289436
2185,-16.090715229565458
2186,-16.0970206259115
2187,-16.103325998943546
2188,-16.10963140999307
2189,-16.115936854864298
